time,temperature_2m,relative_humidity_2m,pressure_msl,wind_speed_10m,wind_direction_10m,precipitation,pm2_5,pm10,carbon_monoxide,nitrogen_dioxide,sulphur_dioxide,ozone,us_aqi,city,fetched_at
2026-07-17 00:00:00,31.1,61,1002.6,16.7,230,0.0,24.4,65.0,98.0,2.1,2.0,40.0,81,Umerkot,2026-07-17 07:39:08.879780+00:00
2026-07-17 01:00:00,30.4,64,1002.6,17.9,225,0.0,22.9,59.3,98.0,2.4,2.0,39.0,80,Umerkot,2026-07-17 07:39:08.879780+00:00
2026-07-17 02:00:00,29.4,70,1002.4,17.3,224,0.0,21.3,53.4,98.0,2.6,2.0,39.0,80,Umerkot,2026-07-17 07:39:08.879780+00:00
2026-07-17 03:00:00,28.7,74,1002.2,16.3,227,0.0,19.7,48.3,99.0,2.8,2.1,38.0,80,Umerkot,2026-07-17 07:39:08.879780+00:00
2026-07-17 04:00:00,28.2,75,1002.3,15.9,224,0.0,18.0,43.3,100.0,2.9,2.3,38.0,79,Umerkot,2026-07-17 07:39:08.879780+00:00
2026-07-17 05:00:00,28.0,76,1002.6,14.8,220,0.0,15.3,36.4,100.0,2.8,2.5,38.0,79,Umerkot,2026-07-17 07:39:08.879780+00:00
2026-07-17 06:00:00,27.8,78,1003.1,12.4,214,0.0,12.9,30.4,99.0,2.4,2.7,40.0,79,Umerkot,2026-07-17 07:39:08.879780+00:00
2026-07-17 07:00:00,28.5,75,1003.6,14.2,215,0.0,12.5,30.6,97.0,1.8,2.8,43.0,78,Umerkot,2026-07-17 07:39:08.879780+00:00
2026-07-17 08:00:00,30.0,68,1003.8,17.4,221,0.0,12.8,33.1,95.0,1.3,2.8,46.0,78,Umerkot,2026-07-17 07:39:08.879780+00:00
2026-07-17 09:00:00,31.7,60,1004.1,18.7,223,0.0,14.4,41.0,94.0,1.0,2.6,50.0,77,Umerkot,2026-07-17 07:39:08.879780+00:00
2026-07-17 10:00:00,33.3,53,1003.9,19.4,220,0.0,16.8,52.0,94.0,0.8,2.2,56.0,77,Umerkot,2026-07-17 07:39:08.879780+00:00
2026-07-17 11:00:00,34.9,47,1003.5,19.3,217,0.0,20.4,66.4,94.0,0.6,1.9,60.0,77,Umerkot,2026-07-17 07:39:08.879780+00:00
2026-07-17 12:00:00,36.1,43,1002.9,18.6,217,0.0,22.0,70.8,95.0,0.5,1.8,63.0,77,Umerkot,2026-07-17 07:39:08.879780+00:00
2026-07-17 13:00:00,37.6,38,1001.9,18.2,216,0.0,23.1,72.4,97.0,0.4,1.7,65.0,77,Umerkot,2026-07-17 07:39:08.879780+00:00
2026-07-17 14:00:00,38.5,35,1000.6,17.8,222,0.0,23.4,70.8,98.0,0.4,1.7,67.0,77,Umerkot,2026-07-17 07:39:08.879780+00:00
2026-07-17 15:00:00,39.0,34,1000.0,18.4,220,0.0,24.3,72.9,99.0,0.4,1.7,69.0,76,Umerkot,2026-07-17 07:39:08.879780+00:00
2026-07-17 16:00:00,38.6,35,999.5,17.0,222,0.0,25.1,75.0,99.0,0.4,1.8,70.0,76,Umerkot,2026-07-17 07:39:08.879780+00:00
2026-07-17 17:00:00,38.2,35,998.9,17.4,230,0.0,25.4,75.7,99.0,0.5,1.8,69.0,76,Umerkot,2026-07-17 07:39:08.879780+00:00
2026-07-17 18:00:00,37.8,35,998.7,17.4,234,0.0,25.4,75.0,98.0,0.7,1.8,65.0,75,Umerkot,2026-07-17 07:39:08.879780+00:00
2026-07-17 19:00:00,35.5,44,999.4,26.4,227,0.0,24.9,70.1,97.0,1.0,1.7,59.0,75,Umerkot,2026-07-17 07:39:08.879780+00:00
2026-07-17 20:00:00,34.3,48,1000.1,20.4,233,0.0,24.2,66.8,96.0,1.3,1.7,54.0,74,Umerkot,2026-07-17 07:39:08.879780+00:00
2026-07-17 21:00:00,33.0,54,1001.0,23.0,235,0.0,23.4,65.0,96.0,1.4,1.7,50.0,74,Umerkot,2026-07-17 07:39:08.879780+00:00
2026-07-17 22:00:00,32.0,57,1001.5,22.0,233,0.0,22.6,62.4,96.0,1.5,1.6,47.0,73,Umerkot,2026-07-17 07:39:08.879780+00:00
2026-07-17 23:00:00,31.1,60,1001.8,22.1,234,0.0,21.7,58.7,97.0,1.6,1.6,45.0,72,Umerkot,2026-07-17 07:39:08.879780+00:00
2026-07-18 00:00:00,30.0,64,1001.6,23.0,234,0.0,20.2,52.6,98.0,1.7,1.6,44.0,72,Umerkot,2026-07-17 07:39:08.879780+00:00
2026-07-18 01:00:00,29.1,69,1001.5,20.2,233,0.0,18.3,44.4,99.0,1.9,1.7,44.0,72,Umerkot,2026-07-17 07:39:08.879780+00:00
2026-07-18 02:00:00,28.6,73,1001.3,19.8,234,0.0,16.4,37.0,100.0,2.0,1.9,44.0,71,Umerkot,2026-07-17 07:39:08.879780+00:00
2026-07-18 03:00:00,28.2,75,1000.6,18.6,224,0.0,14.6,31.1,100.0,2.2,2.2,43.0,71,Umerkot,2026-07-17 07:39:08.879780+00:00
2026-07-18 04:00:00,27.9,77,1000.6,16.8,215,0.0,12.7,25.6,100.0,2.4,2.5,43.0,71,Umerkot,2026-07-17 07:39:08.879780+00:00
2026-07-18 05:00:00,27.6,79,1000.7,17.3,211,0.0,10.7,20.8,100.0,2.5,2.8,43.0,70,Umerkot,2026-07-17 07:39:08.879780+00:00
2026-07-18 06:00:00,27.5,79,1001.0,17.4,210,0.0,9.1,17.9,99.0,2.2,2.9,44.0,70,Umerkot,2026-07-17 07:39:08.879780+00:00
2026-07-18 07:00:00,28.1,76,1001.3,22.9,217,0.0,9.7,22.2,98.0,1.8,2.9,46.0,70,Umerkot,2026-07-17 07:39:08.879780+00:00
2026-07-18 08:00:00,29.1,71,1001.6,23.9,223,0.1,12.0,28.1,97.0,1.4,2.8,49.0,69,Umerkot,2026-07-17 07:39:08.879780+00:00
2026-07-18 09:00:00,30.9,62,1001.7,22.4,226,0.0,14.3,38.0,97.0,1.1,2.7,54.0,69,Umerkot,2026-07-17 07:39:08.879780+00:00
2026-07-18 10:00:00,32.8,54,1001.5,21.8,221,0.0,16.4,47.8,97.0,0.7,2.5,61.0,69,Umerkot,2026-07-17 07:39:08.879780+00:00
2026-07-18 11:00:00,33.9,51,1001.2,21.1,217,0.0,18.0,54.1,98.0,0.5,2.3,66.0,69,Umerkot,2026-07-17 07:39:08.879780+00:00
2026-07-18 12:00:00,35.9,45,1000.4,20.6,216,0.0,18.9,56.9,99.0,0.4,2.1,69.0,69,Umerkot,2026-07-17 07:39:08.879780+00:00
2026-07-18 13:00:00,37.3,41,999.3,20.0,218,0.0,19.8,60.5,100.0,0.4,1.9,71.0,69,Umerkot,2026-07-17 07:39:08.879780+00:00
2026-07-18 14:00:00,38.1,39,998.4,20.0,218,0.0,20.9,65.2,101.0,0.4,1.8,72.0,69,Umerkot,2026-07-17 07:39:08.879780+00:00
2026-07-18 15:00:00,38.4,39,997.6,20.9,224,0.0,21.9,69.8,101.0,0.4,1.7,72.0,68,Umerkot,2026-07-17 07:39:08.879780+00:00
2026-07-18 16:00:00,38.2,39,997.2,21.0,226,0.0,22.5,73.1,100.0,0.4,1.7,71.0,68,Umerkot,2026-07-17 07:39:08.879780+00:00
2026-07-18 17:00:00,37.5,40,996.8,23.3,228,0.0,22.9,75.4,100.0,0.5,1.7,69.0,68,Umerkot,2026-07-17 07:39:08.879780+00:00
2026-07-18 18:00:00,36.0,43,997.1,24.8,225,0.0,22.8,75.0,100.0,0.7,1.7,65.0,68,Umerkot,2026-07-17 07:39:08.879780+00:00
2026-07-18 19:00:00,34.6,47,997.7,24.7,235,0.0,22.1,70.8,101.0,1.0,1.6,60.0,68,Umerkot,2026-07-17 07:39:08.879780+00:00
2026-07-18 20:00:00,33.3,51,998.6,24.5,228,0.0,21.3,66.6,101.0,1.2,1.6,56.0,67,Umerkot,2026-07-17 07:39:08.879780+00:00
2026-07-18 21:00:00,32.0,56,999.7,24.9,221,0.0,20.5,64.0,101.0,1.3,1.6,54.0,67,Umerkot,2026-07-17 07:39:08.879780+00:00
2026-07-18 22:00:00,30.9,60,1000.4,22.7,218,0.0,19.7,59.4,100.0,1.4,1.6,52.0,67,Umerkot,2026-07-17 07:39:08.879780+00:00
2026-07-18 23:00:00,30.2,63,1000.9,21.6,221,0.0,18.8,54.2,99.0,1.4,1.6,51.0,67,Umerkot,2026-07-17 07:39:08.879780+00:00
2026-07-19 00:00:00,29.5,67,1000.6,20.6,219,0.0,17.3,46.2,99.0,1.5,1.6,51.0,66,Umerkot,2026-07-17 07:39:08.879780+00:00
2026-07-19 01:00:00,28.9,69,1000.1,20.3,216,0.0,16.1,39.2,98.0,1.5,1.7,51.0,66,Umerkot,2026-07-17 07:39:08.879780+00:00
2026-07-19 02:00:00,28.4,72,999.6,17.9,212,0.0,14.1,31.7,98.0,1.6,1.8,51.0,66,Umerkot,2026-07-17 07:39:08.879780+00:00
2026-07-19 03:00:00,28.1,74,998.9,18.8,214,0.0,13.5,28.0,98.0,1.8,1.9,50.0,66,Umerkot,2026-07-17 07:39:08.879780+00:00
2026-07-19 04:00:00,27.8,76,998.7,18.8,219,0.0,12.7,25.7,97.0,1.9,2.0,49.0,66,Umerkot,2026-07-17 07:39:08.879780+00:00
2026-07-19 05:00:00,27.4,79,998.7,17.5,214,0.0,12.4,25.4,97.0,2.0,2.1,48.0,66,Umerkot,2026-07-17 07:39:08.879780+00:00
2026-07-19 06:00:00,27.3,80,999.0,15.4,203,0.0,12.1,28.0,96.0,1.9,2.1,48.0,66,Umerkot,2026-07-17 07:39:08.879780+00:00
2026-07-19 07:00:00,28.1,76,999.7,20.3,210,0.0,12.7,30.0,96.0,1.6,2.1,49.0,66,Umerkot,2026-07-17 07:39:08.879780+00:00
2026-07-19 08:00:00,29.2,71,999.8,22.0,215,0.0,13.7,34.1,95.0,1.4,2.0,51.0,66,Umerkot,2026-07-17 07:39:08.879780+00:00
2026-07-19 09:00:00,31.1,62,1000.0,20.7,217,0.0,14.8,39.9,95.0,1.2,1.9,54.0,66,Umerkot,2026-07-17 07:39:08.879780+00:00
2026-07-19 10:00:00,32.3,57,1000.0,19.7,216,0.0,17.2,50.8,95.0,0.9,1.8,58.0,67,Umerkot,2026-07-17 07:39:08.879780+00:00
2026-07-19 11:00:00,33.4,53,999.8,19.5,219,0.0,18.5,58.0,95.0,0.7,1.7,61.0,67,Umerkot,2026-07-17 07:39:08.879780+00:00
2026-07-19 12:00:00,34.3,50,999.2,18.8,221,0.0,20.4,67.1,96.0,0.6,1.6,63.0,67,Umerkot,2026-07-17 07:39:08.879780+00:00
2026-07-19 13:00:00,35.2,48,998.5,17.8,219,0.0,22.4,75.7,97.0,0.6,1.6,64.0,67,Umerkot,2026-07-17 07:39:08.879780+00:00
2026-07-19 14:00:00,35.9,46,997.8,17.4,215,0.0,23.7,79.9,98.0,0.6,1.6,65.0,67,Umerkot,2026-07-17 07:39:08.879780+00:00
2026-07-19 15:00:00,36.8,43,996.9,16.1,219,0.0,24.5,81.7,99.0,0.6,1.6,65.0,67,Umerkot,2026-07-17 07:39:08.879780+00:00
2026-07-19 16:00:00,37.2,41,996.4,17.2,212,0.0,25.0,82.7,100.0,0.7,1.6,64.0,67,Umerkot,2026-07-17 07:39:08.879780+00:00
2026-07-19 17:00:00,36.6,42,995.9,18.0,212,0.0,25.2,81.3,100.0,0.8,1.6,62.0,68,Umerkot,2026-07-17 07:39:08.879780+00:00
2026-07-19 18:00:00,36.2,43,996.0,18.5,211,0.0,25.0,78.7,99.0,0.9,1.6,59.0,68,Umerkot,2026-07-17 07:39:08.879780+00:00
2026-07-19 19:00:00,34.2,50,996.9,23.3,203,0.0,24.2,73.1,97.0,1.1,1.6,55.0,68,Umerkot,2026-07-17 07:39:08.879780+00:00
2026-07-19 20:00:00,33.0,54,998.0,22.8,197,0.0,23.1,67.1,96.0,1.3,1.6,52.0,68,Umerkot,2026-07-17 07:39:08.879780+00:00
2026-07-19 21:00:00,32.3,57,998.8,22.3,201,0.0,21.8,60.1,96.0,1.5,1.7,50.0,68,Umerkot,2026-07-17 07:39:08.879780+00:00
2026-07-19 22:00:00,31.5,60,999.3,20.7,210,0.0,20.4,53.4,96.0,1.6,1.8,48.0,68,Umerkot,2026-07-17 07:39:08.879780+00:00
2026-07-19 23:00:00,30.7,64,999.7,19.7,210,0.0,19.1,47.1,96.0,1.8,1.9,46.0,68,Umerkot,2026-07-17 07:39:08.879780+00:00
2026-07-20 00:00:00,30.0,67,999.5,19.4,209,0.0,18.1,43.4,96.0,1.9,2.0,45.0,68,Umerkot,2026-07-17 07:39:08.879780+00:00
2026-07-20 01:00:00,29.5,70,999.0,18.1,213,0.0,17.0,39.2,96.0,2.0,2.1,45.0,68,Umerkot,2026-07-17 07:39:08.879780+00:00
2026-07-20 02:00:00,29.0,72,998.4,16.8,209,0.0,15.5,33.2,96.0,2.1,2.2,44.0,69,Umerkot,2026-07-17 07:39:08.879780+00:00
2026-07-20 03:00:00,28.6,74,998.0,17.1,214,0.0,13.8,27.6,96.0,2.3,2.2,43.0,69,Umerkot,2026-07-17 07:39:08.879780+00:00
2026-07-20 04:00:00,28.3,76,997.7,17.4,212,0.0,13.4,27.4,97.0,2.5,2.2,42.0,69,Umerkot,2026-07-17 07:39:08.879780+00:00
2026-07-20 05:00:00,28.2,77,998.0,16.0,211,0.0,12.6,26.6,99.5,2.5,2.2,42.0,69,Umerkot,2026-07-17 07:39:08.879780+00:00
2026-07-20 06:00:00,28.0,79,998.2,16.3,214,0.0,11.7,24.5,102.5,2.2,2.1,44.0,69,Umerkot,2026-07-17 07:39:08.879780+00:00
2026-07-20 07:00:00,28.3,78,998.8,16.6,217,0.1,12.4,29.1,105.3,1.8,2.0,46.0,69,Umerkot,2026-07-17 07:39:08.879780+00:00
2026-07-20 08:00:00,29.0,74,999.2,16.8,215,0.1,14.1,36.8,109.0,1.4,1.9,49.0,69,Umerkot,2026-07-17 07:39:08.879780+00:00
2026-07-20 09:00:00,30.1,68,999.4,16.7,215,0.0,18.3,54.8,110.0,1.1,1.8,52.0,69,Umerkot,2026-07-17 07:39:08.879780+00:00
2026-07-20 10:00:00,32.4,58,999.1,17.5,216,0.0,19.1,61.5,110.0,0.9,1.7,56.0,69,Umerkot,2026-07-17 07:39:08.879780+00:00
2026-07-20 11:00:00,33.9,52,998.9,17.9,217,0.0,21.2,71.0,111.0,0.7,1.6,59.0,69,Umerkot,2026-07-17 07:39:08.879780+00:00
2026-07-20 12:00:00,34.6,49,998.4,17.5,220,0.0,23.4,79.6,111.0,0.6,1.5,61.0,69,Umerkot,2026-07-17 07:39:08.879780+00:00
2026-07-20 13:00:00,35.5,46,997.6,17.4,219,0.0,24.7,83.6,112.0,0.5,1.5,63.0,70,Umerkot,2026-07-17 07:39:08.879780+00:00
2026-07-20 14:00:00,36.3,44,997.0,16.2,222,0.0,25.4,84.3,112.0,0.5,1.5,64.0,70,Umerkot,2026-07-17 07:39:08.879780+00:00
2026-07-20 15:00:00,37.6,40,996.1,17.2,223,0.0,25.7,82.0,112.0,0.5,1.5,64.0,70,Umerkot,2026-07-17 07:39:08.879780+00:00
2026-07-20 16:00:00,37.3,41,995.6,21.6,214,0.0,26.1,80.3,112.0,0.6,1.6,64.0,70,Umerkot,2026-07-17 07:39:08.879780+00:00
2026-07-20 17:00:00,34.9,49,995.9,23.3,206,0.0,26.1,78.7,112.0,0.7,1.7,63.0,70,Umerkot,2026-07-17 07:39:08.879780+00:00
2026-07-20 18:00:00,34.7,49,996.1,23.3,207,0.0,25.6,75.0,112.0,0.9,1.7,61.0,70,Umerkot,2026-07-17 07:39:08.879780+00:00
2026-07-20 19:00:00,33.1,54,997.0,22.5,205,0.0,24.7,69.4,111.0,1.2,1.7,59.0,70,Umerkot,2026-07-17 07:39:08.879780+00:00
2026-07-20 20:00:00,32.3,56,997.9,22.1,206,0.0,23.4,62.9,111.0,1.4,1.8,56.0,70,Umerkot,2026-07-17 07:39:08.879780+00:00
2026-07-20 21:00:00,31.4,60,998.9,22.4,209,0.0,22.2,58.4,110.0,1.6,1.9,53.0,70,Umerkot,2026-07-17 07:39:08.879780+00:00
2026-07-20 22:00:00,30.4,65,999.7,22.2,209,0.0,21.1,54.2,110.0,1.8,2.1,51.0,70,Umerkot,2026-07-17 07:39:08.879780+00:00
2026-07-20 23:00:00,29.6,70,999.9,20.4,206,0.0,20.1,50.1,109.0,1.9,2.3,49.0,70,Umerkot,2026-07-17 07:39:08.879780+00:00
